Loan Balance,Annual Salary,Defaulted
8.75836,533.75856,0
9.81416,146.70956,0
12.9076,382.45768,0
6.368,429.36588,0
9.43392,462.962,0
11.03908,90.77372,0
9.91412,299.73676,0
9.70604,212.0154,0
13.93772,450.38136,0
0.024,352.46224,0
0.024,263.13384,0
14.66196,160.63472,0
2.8466,340.4214,0
7.29488,540.81972,0
13.36964,286.80004,0
3.45876,541.21592,0
0.007,604.44072,0
6.35448,212.48448,0
5.85428,739.76332,0
13.15584,318.46556,0
2.7504,606.62316,0
11.46312,390.93412,0
12.67952,617.22656,0
7.72376,366.8222,0
9.30252,413.30672,0
10.26412,303.67996,0
7.732,498.70112,0
17.47032,387.15108,0
7.4104,473.82068,0
13.44284,199.59884,0
5.93884,653.59636,0
5.38856,190.51864,0
7.0298,269.86828,0
10.97908,564.17576,0
17.10928,272.83088,0
17.99764,159.1078,0
8.32336,574.72332,0
4.2404,422.44488,0
8.92356,455.08684,0
7.84144,474.54008,0
10.48068,502.29984,0
10.06412,618.77224,0
13.84156,515.88164,0
2.66072,203.6454,0
20.28576,229.87884,0
4.91324,651.76128,0
14.87432,601.63716,0
14.76172,449.608,0
9.85504,573.81348,0
10.29088,381.0842,0
6.76644,512.836,0
15.41264,158.73868,0
18.07936,319.85368,0
10.87048,203.3386,0
0.015,600.15596,0
15.549,126.21684,0
15.3136,191.74764,0
18.44608,586.24692,0
16.01524,470.99268,0
5.92796,401.28308,0
9.21776,558.58048,0
8.29556,761.98176,0
0.009,390.76448,0
17.78592,443.47892,0
11.86972,544.812,0
15.63808,404.92516,0
12.5366,657.27724,0
0.003,525.38376,0
10.40636,461.72904,0
8.3096,578.92464,0
7.19212,379.47944,0
5.16288,617.18764,0
16.79092,476.30128,0
18.95872,239.55888,0
10.29984,320.88628,0
9.04452,195.99936,0
9.31888,183.63676,0
8.76444,542.59764,0
0.93088,342.13208,0
2.36652,497.38948,0
11.41,172.44544,0
5.18604,473.29356,0
5.54268,555.45852,0
6.86624,397.71172,0
4.03784,615.76928,0
6.13288,725.97564,0
12.06392,289.8108,0
1.9534,159.602,0
11.21336,607.75264,0
10.72896,143.99316,0
16.01436,534.66292,0
16.86056,421.13032,0
13.80064,200.01228,0
4.44164,692.42696,0
5.41264,552.48404,0
9.86124,619.51992,0
7.44,190.14644,0
12.58064,557.62464,0
2.94308,567.43168,0
2.24,546.4666,0
17.06824,459.96936,0
4.6156,737.63148,0
13.93128,550.2542,0
10.59688,207.26388,0
17.56976,786.6552,0
20.67932,232.82004,0
9.29604,175.50092,0
11.52304,395.23136,0
14.50836,817.24196,0
12.69832,367.6212,0
1.41268,560.05124,0
7.16752,698.55332,0
0.014,573.51956,0
6.51792,197.2844,0
13.44616,541.70924,0
9.74684,247.09004,0
3.2816,395.43544,0
13.3758,573.41224,0
10.40836,403.16376,0
14.12248,212.50752,0
7.33776,510.76932,0
3.27844,666.85608,0
5.40488,596.39816,0
9.95124,129.32236,0
5.183,408.34764,0
0.012,383.00912,0
18.70508,222.23108,0
11.15388,406.08492,0
16.4824,589.7496,0
11.41584,223.90336,0
15.53052,277.5532,0
6.98828,298.0416,0
4.09804,232.33576,0
4.94476,536.64408,0
14.6204,644.4862,0
7.19452,530.37024,0
17.865,214.9558,1
11.3446,720.42808,0
0.024,595.626,0
11.96736,251.99688,0
8.9846,135.71304,0
3.91588,186.03624,0
6.92956,193.17816,0
5.31588,433.26088,0
14.28768,475.30372,0
1.1478,617.3644,0
12.20932,519.22448,0
15.12684,539.78404,0
14.14888,93.75148,0
8.79236,528.56572,0
4.22308,534.9114,0
5.0452,443.33136,0
6.40876,474.13448,0
1.1666,389.15168,0
17.45312,192.324,0
4.24668,474.31788,0
8.85788,169.82388,0
15.68576,495.72756,0
13.8118,543.59648,0
8.46176,693.18336,0
16.3446,227.25772,0
0.3864,640.3392,0
11.87152,584.20832,0
4.34224,288.5836,0
7.78676,400.11336,0
0.012,118.69648,0
5.36188,385.18944,0
10.56648,210.52288,0
4.05196,261.71144,0
8.00232,366.54464,0
9.78456,489.75152,0
10.0566,655.96216,0
11.62376,397.43132,0
26.4706,171.89688,1
15.11128,141.45364,0
14.8816,482.75304,0
0.022,166.1386,0
11.15468,270.92856,0
16.68736,256.4742,0
4.941,642.74352,0
0.89696,368.91688,0
9.5022,544.4162,0
9.494,392.3998,0
9.51932,557.28888,0
5.75548,448.36756,0
10.66632,347.71448,0
15.41768,515.4074,0
8.57136,280.6574,0
15.49744,222.0126,0
1.52932,532.02516,0
9.35456,734.88468,0
8.38188,595.17212,0
7.30564,524.02436,0
21.6398,258.19604,0
10.80508,496.45972,0
11.61236,402.41376,0
8.06872,429.71932,0
2.07772,282.81988,0
17.80276,544.47332,0
7.71292,558.73184,0
8.49092,217.4432,0
21.31528,244.95612,1
11,310.06992,0
15.26724,434.083,0
1.32884,568.61332,0
20.97112,454.67648,0
22.6982,588.75604,1
0.3434,253.15408,0
8.96476,422.9492,0
22.80768,248.6744,1
9.78788,245.30836,0
6.01852,468.05492,0
10.25892,435.8684,0
5.70276,385.77808,0
14.84156,430.90736,0
7.46716,531.15024,0
2.64836,455.73836,0
15.68292,217.51796,0
19.3208,269.6246,0
3.09664,452.98072,0
13.8652,231.70776,0
9.2688,375.33708,0
13.21656,205.44748,0
9.41256,484.95656,0
5.34112,432.45208,0
6.06636,298.04052,0
21.158,506.27692,0
10.2112,224.65988,0
16.96288,490.47172,0
8.608,570.64984,0
16.38136,669.95648,0
5.93588,511.1174,0
16.259,401.50156,0
6.87848,186.49524,0
11.4748,529.83052,0
11.60084,414.142,0
6.65456,606.84792,0
4.07124,454.47788,0
8.52044,529.96056,0
11.77276,694.9216,0
18.87532,179.97416,1
0.019,482.59164,0
23.57876,469.25908,1
6.59748,404.1608,0
15.09472,409.77812,0
14.29304,457.70268,0
8.27116,473.86796,0
10.1564,479.43912,0
11.50116,236.8122,0
2.80324,520.85032,0
13.5464,172.95712,0
5.89032,182.63588,0
9.2318,532.39296,0
6.75516,378.04712,0
13.11924,210.6472,0
0.88248,384.38588,0
22.08268,164.7948,0
10.517,270.86884,0
6.66032,364.78436,0
10.70984,528.14948,0
5.58808,328.4748,0
6.77348,290.28048,0
18.3692,360.76684,1
11.90884,500.915,0
7.0898,514.6144,0
8.60392,255.07812,0
18.48656,502.99396,0
14.93196,501.10616,0
2.82496,252.3154,0
6.35,593.61508,0
7.109,370.0574,0
8.4634,513.45428,0
5.50324,579.59436,0
5.66964,217.6972,0
18.05496,128.24092,0
16.36864,531.63704,0
10.91624,541.2862,0
13.17584,194.76072,0
4.44964,575.45208,0
8.0838,604.57048,0
12.47,614.58368,0
0.021,346.10004,0
6.34128,390.40944,0
9.81764,396.63016,0
18.60448,237.52248,0
6.82552,142.8564,0
17.95672,299.77804,0
10.35692,515.49896,0
15.1138,376.56568,0
12.30348,523.0036,0
8.44536,178.60688,0
13.00868,183.29732,0
10.9484,529.30704,0
11.96148,204.71392,0
4.26536,703.53684,0
9.39652,160.9136,0
20.6062,613.98844,0
6.0418,183.08164,0
12.42264,711.44564,0
0.001,420.38844,0
13.06896,232.53724,0
12.57688,527.52812,0
12.69316,461.05844,0
11.76564,313.41968,0
10.17784,192.43956,0
9.39424,612.02148,0
4.84288,191.92772,0
2.46088,211.32848,0
24.28304,220.94688,0
9.00528,531.72844,0
10.07736,431.97688,0
4.63824,537.54536,0
9.7518,596.5612,0
21.72816,84.57768,0
0.01,365.1406,0
15.96016,297.32164,0
17.59528,321.47528,0
14.42984,478.00128,0
11.88428,334.97996,0
10.46576,427.51024,0
14.4332,238.93896,0
17.15896,279.91016,0
0.025,408.43948,0
4.31552,262.73224,0
3.19916,491.097,0
12.33924,533.94408,0
8.7686,421.21956,0
12.5386,311.7858,0
2.78476,455.17832,0
4.42164,368.17224,0
8.87452,250.9456,0
0.22812,365.48552,0
15.11212,370.86024,0
5.47024,492.2358,0
0.70164,426.17776,0
8.70916,147.26848,0
7.35856,497.08424,0
14.65016,184.40056,0
14.6812,389.11544,0
13.99788,572.87064,0
19.72584,563.0004,1
11.33804,674.36816,0
8.99632,497.77228,0
23.9018,506.99744,1
9.31104,535.24908,0
9.808,246.81968,0
12.74264,604.05152,0
18.6124,676.37112,1
5.46264,181.68128,0
15.09788,214.03672,0
17.8288,441.44272,0
12.62676,153.28332,0
11.8478,545.69264,0
8.61808,531.84856,0
8.31968,565.16608,0
15.95568,417.17172,1
8.08964,396.35984,0
2.62568,588.4238,0
14.64204,528.06636,0
0.17524,232.6006,0
6.38276,261.49672,0
2.00648,402.24652,0
16.2252,311.884,0
1.29536,650.74052,0
11.37128,428.25144,0
5.23972,178.6498,0
12.26284,450.70756,0
7.95372,380.3098,0
9.06904,250.20016,0
3.48888,534.2158,0
2.37748,436.67528,0
6.19872,199.95224,0
8.37272,502.1348,0
6.04084,204.40604,0
17.52728,188.09404,0
8.612,414.16812,0
12.47864,221.23836,0
8.08424,358.32252,0
1.08056,668.32132,0
15.28336,491.64236,0
7.22164,225.50424,0
10.86448,489.3386,0
12.76228,653.95412,0
20.07368,557.39148,0
10.6074,238.09908,0
15.4766,629.26592,0
14.76388,586.10416,0
6.14432,270.0776,0
9.31756,327.24032,0
13.85876,603.27796,0
15.65492,96.758,0
20.11736,339.838,0
4.80236,361.4886,0
8.8868,301.47744,0
2.73704,384.89652,0
14.62284,302.96444,0
7.69584,359.752,0
10.61104,153.24788,0
0.03348,459.37524,0
5.04668,672.90988,0
18.54868,134.17536,0
13.22424,387.03412,0
20.4092,366.97476,1
3.75684,580.29172,0
5.32796,662.31056,0
8.74872,215.71896,0
3.37156,447.21704,0
9.1194,440.37588,0
7.46608,274.87788,0
22.70204,221.58852,0
0.011,348.4034,0
15.9654,279.69424,0
12.93232,530.46656,0
7.42936,660.84188,0
13.33708,331.06768,0
10.38948,551.67416,0
10.75876,583.40452,0
11.45336,264.10036,0
11.39056,562.63624,0
3.2266,278.20416,0
16.41172,287.77152,0
7.50976,461.01704,0
0.17216,303.31668,0
9.45044,538.08724,0
16.24808,227.961,0
5.78484,307.23012,0
0.003,355.32672,0
14.66864,215.87032,0
14.24428,302.60112,0
5.75184,331.12608,0
2.67728,418.5082,0
6.95768,493.62468,0
16.35852,235.55352,0
11.7372,237.74152,0
14.21516,443.80128,0
13.4424,263.20228,1
13.4352,447.53884,1
9.3182,376.77876,0
15.8726,622.0378,0
10.55336,329.95008,0
15.22656,203.72916,0
0.02,392.22644,0
0.011,448.58084,0
4.40248,310.91172,0
8.99572,479.42224,0
21.44848,451.19408,0
23.1554,181.26188,0
11.85468,336.53684,0
10.29432,250.07752,0
13.2358,218.86308,0
8.47016,379.24776,0
6.68444,491.45576,0
12.892,538.45232,0
13.52364,395.4118,0
7.81424,189.4226,0
11.75292,526.422,0
12.61568,512.17412,0
16.62684,190.2082,0
13.16064,170.26804,0
13.07544,364.0002,0
7.27664,262.09884,0
12.41068,591.7406,0
19.27164,459.25288,0
9.93696,296.82064,0
14.1238,200.94716,0
15.31124,240.2792,0
15.48736,283.63728,0
13.61464,617.656,0
10.05192,449.73288,0
13.61204,150.88832,0
0.007,470.68296,0
17.90704,713.92856,0
20.34532,116.09328,0
8.47784,656.46688,0
2.89028,405.42876,0
14.21152,150.14632,0
10.80912,460.55196,0
18.29848,141.46608,0
9.34324,422.14024,0
16.7436,313.69516,0
0.023,246.23792,0
0.75384,576.22924,0
23.7814,338.3638,1
6.1916,601.18012,0
8.68148,645.21928,0
1.83844,405.81132,0
3.53516,425.81848,0
0.013,464.12244,0
7.76144,215.68432,0
18.1978,313.32224,0
9.23328,227.38988,0
5.90956,261.93076,0
0.001,497.51428,0
0.011,415.94588,0
6.12792,482.47292,0
11.59808,197.8562,0
22.42648,247.1242,0
4.866,502.94836,0
7.14068,452.57828,0
0.022,535.14844,0
8.91448,473.14428,0
13.3442,156.70032,0
9.2796,593.9008,0
7.49808,510.598,0
6.00252,275.6204,0
13.07168,728.38448,0
18.70088,597.53204,0
9.58796,283.97416,0
4.99788,459.46916,0
6.47976,322.65748,0
14.19216,254.05196,0
10.04524,112.69448,0
1.25428,564.16512,0
6.77852,639.10544,0
9.66348,302.11152,0
12.3574,255.6926,0
8.99,109.22032,0
0.82156,345.90164,0
5.4496,577.63388,0
9.59152,333.63584,0
23.3068,282.90556,0
17.3622,277.30916,0
9.14072,739.91436,0
16.20404,518.55752,0
19.2562,192.24564,0
1.78732,451.91772,0
0.007,436.03096,0
8.81784,226.69104,0
13.016,314.61208,0
9.38092,490.33076,0
11.93692,783.79196,0
9.23916,601.86436,0
8.2222,60.60704,0
5.32172,335.65664,0
20.62684,461.56168,1
0.001,436.89236,0
13.1112,537.64912,0
5.97796,422.5796,0
13.82016,203.7684,0
17.58452,704.98176,1
6.80384,502.45232,0
11.06668,147.76828,0
2.1172,139.61472,0
12.3174,597.36172,0
7.17668,650.25644,0
9.01592,638.33492,0
9.49644,171.29464,0
1.36796,509.5176,0
8.86268,194.35136,0
13.90832,653.89872,0
14.57488,543.14224,0
16.09356,500.864,0
7.06372,679.27452,0
8.67572,677.39764,0
8.18784,526.69064,0
9.79392,145.85812,0
12.53212,446.68432,0
7.977,246.49344,0
17.74744,217.76864,0
4.07512,405.30384,0
15.3076,278.56168,0
1.38316,595.67488,0
0.017,628.7562,0
18.22084,317.56008,0
10.78832,291.18,0
9.51208,579.24708,0
0.025,349.53664,0
15.30288,590.92564,0
15.3734,434.15632,0
8.80364,175.4,0
21.16396,555.49584,1
15.38004,197.03092,0
18.36328,444.1008,0
4.16464,220.35888,0
2.40088,406.06588,0
21.27564,192.28448,1
7.68344,205.5186,0
2.86872,282.87152,0
4.71172,544.98232,0
9.97304,235.16108,0
16.55356,260.31796,0
2.9218,449.02504,0
14.8436,435.90288,0
12.77724,419.65936,0
1.54404,406.37868,0
9.11664,457.6488,0
10.91716,825.79356,0
6.70624,556.24416,0
21.84488,444.7696,0
13.34816,233.01796,0
8.69288,522.24712,0
11.67736,223.5244,0
8.36612,489.71204,0
14.145,353.1472,0
3.95672,233.63772,0
9.51336,175.1426,0
14.97048,405.54364,0
7.12212,500.63612,0
2.93096,299.275,0
12.4706,600.42644,0
8.15984,595.35172,0
12.75404,487.99364,0
15.22288,144.24696,0
11.46736,177.53064,0
13.39084,335.56372,0
7.23292,265.80628,0
13.1752,628.90116,0
12.51436,552.93064,0
15.86328,104.74532,0
12.65368,452.23192,0
8.2714,332.55296,0
6.80352,298.72024,0
9.24592,422.04104,0
11.48468,317.11888,0
7.72692,344.50268,0
0.019,514.3176,0
5.25468,545.2026,0
15.36744,416.67904,0
19.69768,368.52536,0
10.70668,438.88396,0
3.81452,227.00128,0
7.48316,587.15472,0
1.30136,508.1206,0
11.91148,150.00488,0
0.003,548.699,0
0.016,398.74452,0
7.09864,424.60884,0
11.15372,254.03408,0
3.6592,490.76888,0
2.83928,377.47112,0
13.3066,131.11176,0
8.26372,296.00412,0
0.72728,479.17332,0
0.02,416.82564,0
3.28668,705.89284,0
18.39864,528.2888,1
11.40332,573.03584,0
6.76404,422.25296,0
5.62456,303.8322,0
11.92932,147.3374,0
0.015,376.6134,0
9.13676,154.02664,0
16.11248,437.82676,0
18.27152,183.26864,0
1.61988,366.45624,0
9.37204,620.87944,1
10.10204,275.29048,0
10.97712,441.1862,0
11.11756,429.27068,0
14.39196,656.93872,0
0.59452,366.1478,0
11.66764,581.2098,0
9.39972,649.80904,0
5.60572,245.78872,0
0.02,472.682,0
8.80612,264.8556,0
6.92708,452.8314,0
7.07088,196.60656,0
10.36068,526.65776,0
10.29796,597.42044,0
4.343,404.62468,0
10.69892,432.79508,0
11.03044,538.01972,0
16.03736,254.53432,0
5.0618,479.55724,0
8.92668,227.33864,0
9.28988,503.73788,0
8.79868,544.37956,0
11.58628,437.28468,0
4.22324,212.78004,0
14.49392,446.66708,0
12.6344,635.49628,0
5.46712,547.48904,0
11.19604,513.6992,0
6.451,435.78952,0
2.90972,495.62816,0
12.32312,505.44804,0
2.27116,220.17396,0
2.37248,704.47916,0
7.03052,520.6818,0
23.38924,146.5536,0
9.9596,477.58948,0
2.37428,426.8894,0
7.10932,378.38736,0
0.024,477.96132,0
12.11148,144.6046,0
12.63676,210.426,0
3.98316,598.29204,0
10.98132,353.9308,0
6.75068,262.40212,0
2.97852,573.62468,0
6.96976,556.57664,0
6.70472,749.2692,0
9.462,125.82616,0
12.74572,471.43372,0
14.98892,239.28064,0
14.21532,411.70788,0
12.30996,398.1796,0
12.98648,521.0558,0
6.49436,316.05892,0
17.39908,407.02288,0
6.75528,329.67132,0
14.29876,361.00084,0
6.79568,459.66096,0
5.80276,430.65528,0
11.4222,451.133,0
4.2324,255.86332,0
18.63624,229.81512,1
11.7962,453.48392,0
17.31356,132.30344,0
12.74708,680.588,0
13.87268,742.5822,0
6.55268,241.72396,0
13.66016,332.07416,0
4.97296,575.04704,0
5.24112,211.3644,0
11.85872,310.35676,0
8.17768,560.1086,0
16.54424,620.87596,0
10.29272,390.58356,0
12.46016,540.2946,0
0.008,562.6126,0
11.53864,624.18312,0
3.33388,428.25596,0
5.13228,370.47108,0
3.504,555.20992,0
11.23864,508.945,0
8.02888,317.0566,0
24.07876,327.13448,0
15.77144,360.63212,0
7.97124,182.1676,0
6.30768,434.88968,0
14.57608,253.3762,0
11.55384,364.03072,0
18.06648,168.69928,1
7.37592,301.68088,0
14.80708,162.32484,0
14.67668,444.16584,0
14.62672,555.97036,0
7.55212,519.15716,0
9.8312,192.13228,0
10.14288,153.42236,0
14.10372,350.50244,0
14.34908,161.1702,0
14.45356,148.52056,0
0.31144,353.16664,0
10.26088,355.2366,0
4.80936,484.03892,0
18.25704,218.63668,0
13.92464,191.8476,0
11.84732,599.94364,0
7.02684,459.19752,0
7.68028,219.2466,0
4.637,305.5354,0
12.62812,379.3108,0
22.46428,217.51988,1
9.53812,422.97688,0
7.10992,262.181,0
5.05476,289.15612,0
6.19636,219.42276,0
12.3558,259.70432,0
12.35916,192.83384,0
11.45856,221.64384,0
17.58308,140.14692,0
14.09352,417.08168,0
6.58024,145.11084,0
21.04756,580.3032,0
6.67504,287.70752,0
18.74316,164.05384,0
10.08556,203.41308,0
13.37884,164.12092,0
15.728,520.50272,0
11.29908,500.19564,0
12.249,495.23844,0
5.22004,396.1264,0
12.18844,505.65764,0
0.92416,634.19376,0
12.60684,475.62944,0
0.58992,423.22604,0
20.6728,579.66056,0
19.2962,585.1252,0
14.1664,528.16104,0
7.33556,491.5684,0
12.6654,234.61264,0
9.53284,229.98136,0
10.57216,361.46856,0
14.8738,350.76776,0
16.97612,219.36952,0
14.12164,157.09624,0
4.37208,532.78748,0
11.03488,540.54516,0
14.36372,261.15792,0
9.55368,189.6796,0
0.13028,406.37896,0
0.013,374.48764,0
6.00112,204.41544,0
14.74392,222.07304,0
22.84232,641.94496,1
12.7244,141.68556,0
5.41172,254.64032,0
5.03248,661.20176,0
12.84776,396.31344,0
15.68924,680.82956,0
15.78908,101.76716,0
0.91636,230.765,0
0.7968,468.17244,0
0.68104,651.42208,0
12.6842,302.72432,0
3.11888,617.42144,0
13.74328,283.2208,0
0.02,189.35184,0
10.55248,364.09364,0
11.03096,545.27972,0
1.14116,327.7274,0
4.01344,353.6498,0
2.39792,372.6454,0
7.52192,493.43872,0
1.671,653.894,0
9.4596,555.4776,0
12.39216,436.71796,0
12.622,363.14252,0
0.003,429.39388,0
13.57272,222.1342,0
9.56348,616.69868,0
18.0682,225.70332,0
5.23768,554.24192,0
9.61452,436.28528,0
22.5746,200.1424,1
17.35552,225.07944,0
14.0102,289.4248,0
1.987,468.82636,0
0.01,557.5216,0
15.8676,575.26504,0
15.40824,739.2724,0
12.0248,518.0676,0
3.01032,572.10044,0
6.02064,469.07312,0
6.83708,437.10616,0
12.59008,165.67136,0
2.24704,192.60968,0
9.40836,472.10592,0
4.6856,217.36196,0
10.11684,208.84024,0
6.67544,531.02592,0
14.83596,578.15676,0
4.95768,505.98664,0
8.21032,352.70096,0
10.48876,578.38932,0
4.99924,297.674,0
18.23124,201.95128,0
3.05368,536.4248,0
18.109,289.74824,0
10.82184,491.48128,0
7.1568,552.8754,0
1.97228,254.009,0
4.69932,522.76504,0
16.04064,179.27932,0
23.56476,215.7272,0
14.09992,438.25416,0
13.23604,279.73796,0
14.76592,557.92784,0
18.07996,355.135,1
14.62644,254.50816,0
10.13092,145.08868,0
12.07436,713.94916,0
3.52972,691.47232,0
5.84164,296.02784,0
9.31072,416.416,0
16.08472,253.07432,0
9.62732,471.21556,0
6.63368,451.97568,0
6.28856,282.69572,0
14.8554,248.66964,0
3.85112,691.58288,0
11.55004,361.85876,0
3.26724,358.00132,0
11.13104,406.74884,0
0.9246,663.34628,0
15.4472,452.3074,0
17.67536,390.43848,0
9.71712,174.62664,0
8.9722,515.41724,0
3.9556,287.16996,0
10.23308,226.26096,0
1.3372,329.8256,0
6.52512,688.80632,0
0.006,436.62048,0
14.43732,622.14168,0
0.70164,229.23772,0
9.44508,396.00896,0
4.62168,210.66716,0
13.3116,634.45372,0
4.77588,666.34056,0
0.007,539.08256,0
11.10588,543.89268,0
7.24188,399.02036,0
9.95788,216.35672,0
0.03632,251.33308,0
10.74712,217.09896,0
14.81876,376.68344,0
4.88212,512.74788,0
12.641,149.3572,0
13.03908,227.95176,0
19.87804,495.06556,0
2.9358,246.25048,0
7.25072,156.27052,0
2.2522,716.822,0
3.9916,414.86688,0
10.94668,686.93584,0
4.69792,478.09772,0
17.4272,408.43116,0
9.86104,348.42632,0
19.08716,225.10092,0
15.08932,270.904,0
22.68096,273.05132,1
8.94628,130.07664,0
4.13128,355.68792,0
6.42064,529.71596,0
14.4964,419.07048,0
6.78272,478.64604,0
5.94644,276.07968,0
10.85512,464.67924,0
20.90824,223.2466,0
14.01068,633.64132,0
7.59092,279.54884,0
12.92776,177.43056,0
14.9376,453.0302,1
25.36624,418.04012,0
15.55472,520.93036,0
13.08904,566.66076,0
9.89776,508.31424,0
8.22248,444.88316,0
0.45332,315.95624,0
10.5608,222.30684,0
10.85188,488.94352,0
11.30748,267.31668,0
11.50788,196.60032,0
3.43448,212.52268,0
17.64456,239.36572,0
3.89752,332.65796,0
4.98556,491.50576,0
13.284,443.18352,0
0.0294,384.12008,0
7.4614,168.07316,0
3.53744,681.0616,0
7.65156,237.70604,0
13.31836,832.56396,0
14.69532,635.44152,0
14.21528,158.23592,0
6.84848,652.56864,0
7.51436,553.57488,0
10.00892,204.26436,0
10.4136,539.02224,0
11.35276,208.35248,0
18.6622,527.46972,0
6.91224,624.031,0
13.7052,465.67952,0
13.76868,545.46272,0
0.004,412.26904,0
5.22152,426.33112,0
12.32656,470.52268,0
15.6356,351.78732,0
8.30252,716.00692,0
6.9064,489.31068,0
0.002,520.93144,0
3.03372,157.95332,0
15.03432,199.14052,0
2.4998,628.04672,0
21.04896,588.9122,1
15.37528,254.68624,0
10.36856,438.6368,0
13.74348,401.28476,0
15.04816,855.7766,0
7.49096,307.81768,0
12.33532,172.77108,0
23.57212,607.35236,1
9.04916,391.1938,0
11.46716,392.67268,0
9.2854,802.45516,0
5.19748,628.00408,0
9.57676,380.7156,0
2.91008,674.4528,0
7.96084,382.7322,0
12.68244,186.3728,0
8.91708,516.78848,0
0.003,508.91216,0
11.7924,493.99752,0
18.85008,514.28556,0
1.64012,548.43132,0
8.8064,218.73816,0
8.62672,385.70516,0
12.07416,220.51716,0
6.74516,375.13192,0
24.41828,541.42448,1
7.67884,561.10388,0
13.2694,139.68,0
0.016,355.52936,0
7.60624,412.3342,0
18.32736,251.56596,0
6.29824,517.49296,0
10.2482,569.47564,0
14.70376,473.25932,0
18.72056,265.19636,0
3.13308,420.09088,0
15.85528,607.05444,0
17.3428,542.15568,0
9.50568,364.26632,0
11.09004,402.43488,0
0.988,431.3046,0
2.34532,417.69924,0
11.2922,547.10224,0
16.0466,370.85992,0
17.87536,598.73148,1
9.29656,228.69928,0
6.99204,536.50492,0
5.5456,519.22724,0
17.10972,305.4094,1
13.6888,206.8682,0
12.3964,501.56476,0
1.17468,536.04764,0
4.07636,512.65752,0
15.98716,166.55228,0
0.003,414.67044,0
7.41,509.85128,0
7.2166,362.38068,0
17.61572,252.1664,0
7.1356,600.00884,0
9.45976,593.8564,0
11.14788,585.91772,0
14.12404,451.02568,0
20.376,280.96308,0
6.93012,651.56628,0
16.6386,653.44076,0
14.685,279.06464,0
18.67828,323.81096,0
13.26104,635.01936,0
17.97784,483.39944,1
11.72668,312.06884,0
9.39204,281.70372,0
11.30628,228.01508,0
7.53556,621.80452,0
15.67556,593.15252,0
17.97176,451.52796,0
12.08308,191.69876,0
9.96632,553.4262,0
13.73932,228.10556,0
16.65628,511.66988,0
15.86572,138.31432,0
13.4648,430.01852,0
6.57832,552.9152,0
9.778,510.24872,0
0.92116,627.09712,0
7.19764,344.02156,0
0.76248,148.62024,0
0.003,584.956,0
18.6694,431.79092,0
9.78164,558.525,0
16.64316,515.46512,0
11.20724,525.80224,0
14.9012,242.9628,0
0.008,406.40592,0
7.36996,370.8406,0
3.05124,638.70376,0
11.38368,206.23376,0
1.36072,193.86884,0
9.93148,227.27784,0
5.83516,528.02008,0
3.259,302.86576,0
12.223,631.61688,0
0.005,525.30324,0
0.019,197.80788,0
13.2466,439.66652,0
17.6708,227.52348,0
12.69852,489.42644,0
4.2436,212.92504,0
12.37984,609.05168,0
15.72892,432.24948,0
18.99848,127.69036,0
11.02244,645.53264,0
7.6616,484.39072,0
4.45148,462.98488,0
11.82608,222.70352,0
3.68752,389.78672,0
14.48892,525.56992,0
12.957,487.07604,0
6.68648,481.89204,0
10.87412,472.09476,0
16.20352,251.28624,0
17.54996,232.06988,0
5.3404,359.21932,0
24.30032,619.59344,1
18.2016,472.92368,0
6.24972,220.15748,0
10.2216,535.23304,0
11.12388,600.14564,0
15.31084,116.72152,0
3.0132,249.47188,0
18.77564,233.77884,0
5.32316,452.76776,0
3.8966,408.94188,0
6.15784,300.79244,0
6.30512,170.62292,0
8.92204,464.694,0
23.9346,172.60332,0
14.13364,289.27068,0
3.4136,495.8222,0
6.80612,470.75072,0
0.589,375.19844,0
9.3264,542.13284,0
4.25488,787.60672,0
0.92256,643.75804,0
10.0952,552.77468,0
9.07476,270.30448,0
10.01444,284.95624,0
3.32948,331.7734,0
19.1494,446.18744,0
0.004,486.14476,0
15.38544,171.44308,0
17.6444,482.6774,0
0.016,458.91728,0
10.7168,560.40976,0
5.94012,619.12372,0
10.62332,292.4848,0
0.016,391.915,0
12.34424,576.7092,0
5.12296,160.12792,0
13.59732,630.45512,0
11.60524,555.88152,0
29.99724,618.92848,1
17.22316,137.53608,0
16.7054,104.85952,0
21.65892,213.3026,0
3.8676,231.86176,0
18.09204,504.6584,0
16.83424,146.74484,1
16.56416,467.59264,1
14.81276,687.12796,0
1.63432,430.46844,0
5.08792,226.32408,0
16.49472,262.266,0
7.94816,667.67372,0
17.13964,330.25204,0
11.27268,474.92724,0
7.30316,678.68972,0
17.73736,564.95168,0
17.65008,215.78148,0
17.8672,250.20256,0
0.012,596.50912,0
3.94148,236.28124,0
16.00772,253.70684,0
9.17636,488.27748,0
1.34896,626.3524,0
30.05316,180.33424,1
7.25984,439.87312,0
19.15648,273.14448,0
0.005,602.16012,0
5.29468,611.85968,0
10.52604,161.19612,0
16.41968,428.28052,0
13.56976,394.9306,0
12.92624,683.17884,0
16.93484,313.781,0
0.013,550.05788,0
10.3558,329.49472,0
14.24792,678.95148,0
10.8386,686.14804,0
9.29476,178.65988,0
16.67464,369.53068,0
14.50928,449.13928,0
5.48564,152.2308,0
6.6248,230.56884,0
17.82872,276.70816,0
5.30956,184.43152,0
9.73792,338.05536,0
13.66748,598.2568,0
16.84792,167.28564,0
18.50972,353.49516,0
10.81176,757.57064,0
8.41096,225.30752,0
10.74852,286.8106,0
9.25256,583.10456,0
10.1254,646.41024,0
0.54072,366.289,0
3.1896,591.101,0
6.27524,449.5688,0
20.20804,503.21572,0
12.83848,666.1036,0
8.05688,239.52664,0
3.84092,592.4386,0
11.47644,304.9972,0
13.48748,299.507,0
11.94496,419.21,0
3.35072,655.74444,0
18.65148,530.31892,0
0.014,415.23268,0
5.82308,438.85464,0
3.75136,223.69716,0
6.449,396.4518,0
1.55052,331.0408,0
18.09896,288.01256,1
16.22948,492.32432,0
8.7024,513.61524,0
12.5024,272.63604,0
13.24232,412.09928,0
5.06644,197.75252,0
15.34792,440.87232,1
6.52664,634.24472,0
4.84296,567.16132,0
6.09312,614.45984,0
13.951,283.3176,0
15.3486,680.2022,0
14.42644,228.95992,0
17.03108,140.0384,0
5.77808,176.32608,0
8.86028,614.46724,0
6.04504,497.29216,0
20.2094,365.8446,0
9.7824,253.99588,0
8.22896,564.40744,0
12.4632,183.711,0
5.66768,300.22348,0
4.04904,477.38948,0
5.33464,158.97896,0
11.61068,424.14144,0
6.60936,189.52764,0
19.21792,216.82488,0
10.85068,717.26848,0
0.004,452.0226,0
17.20816,501.66284,0
6.0366,161.5486,0
5.2194,430.81416,0
4.87916,441.753,0
11.24876,680.19084,0
18.57296,146.93408,0
1.14428,238.39596,0
2.31592,289.25144,0
8.62404,289.41624,0
13.90868,255.84904,0
0.89004,475.78856,0
17.01424,246.78736,0
14.35976,462.88068,0
6.73044,661.48924,0
0.003,451.48128,0
4.33276,303.5722,0
25.48944,286.62252,1
15.82248,245.641,0
14.0716,414.81932,0
17.44596,442.86196,0
3.91252,148.58888,0
13.8346,328.93536,0
16.032,693.13844,0
8.51792,456.49952,0
8.79072,398.1912,0
3.37284,237.89248,0
0.022,205.56144,0
7.5734,199.39672,0
6.53048,376.6672,0
7.42956,335.70208,0
12.65992,303.59076,0
0.004,236.94596,0
21.1612,205.11808,0
0.009,528.58688,0
5.6418,365.48264,0
8.40612,395.7036,0
5.35768,512.37396,0
6.87816,476.8706,0
11.44396,539.7848,0
7.02204,669.39564,0
2.10244,573.97744,0
8.0706,184.36212,0
16.09672,644.02412,0
0.005,592.17152,0
18.95084,254.1884,0
11.00884,483.40808,0
3.03616,312.29572,0
11.98432,461.86048,0
9.94376,507.57864,0
18.01136,204.12336,0
13.71368,321.88808,0
17.0074,202.14024,0
2.39376,403.03816,0
4.10224,500.85588,0
1.78088,153.35852,0
18.93372,367.2146,0
21.98464,289.47676,0
4.4316,415.03248,0
12.32296,284.3226,0
0.006,435.58812,0
2.91308,482.6808,0
15.2806,539.33908,0
4.3464,593.26436,0
17.59112,385.3062,0
9.78696,221.85292,0
12.33456,198.14468,0
7.59276,366.26356,0
19.50456,193.9816,0
8.93876,540.7666,0
17.2826,435.3952,0
17.9056,157.35044,0
0.01,160.84788,0
13.9744,327.24692,0
17.56708,410.18356,0
15.7254,187.49588,0
11.0608,456.53808,0
0.10084,228.16332,0
1.55488,684.16128,0
15.90348,255.10372,0
4.62064,183.54384,0
3.22956,388.07944,0
5.15384,578.63472,0
8.556,613.098,0
3.73224,146.48048,0
15.84016,170.00404,0
5.15096,667.21984,0
10.49232,378.3306,0
13.28572,467.31748,0
8.15924,713.70536,0
13.98056,216.0858,0
2.5878,407.56296,0
8.66408,612.41276,0
2.71408,220.52164,0
14.39288,166.8762,0
6.9816,447.98536,0
9.86188,417.83768,0
7.24132,454.71156,0
8.74556,462.21592,0
7.21616,223.8036,0
11.93608,320.71196,0
13.17108,568.3224,0
19.25796,522.68668,0
13.76864,369.0226,0
16.11916,697.74788,0
19.97128,239.3494,0
12.085,496.89,0
11.57068,301.67588,0
13.11544,326.41004,0
11.04408,520.9488,0
2.13108,241.22828,0
8.14552,154.46808,0
13.15924,560.64156,0
10.5702,288.77388,0
17.41384,465.19256,0
3.874,525.87728,0
17.17396,529.90252,0
14.40868,227.18556,0
2.03844,572.76236,0
13.7298,192.87604,0
5.02792,457.81624,0
16.23332,507.39268,0
17.19588,454.14848,0
5.79372,429.528,0
9.30484,554.10548,0
0.001,418.11248,0
14.25168,172.06676,0
11.75132,200.73868,0
16.93432,368.92064,0
17.90876,659.29224,0
14.75976,228.41652,0
18.65176,534.09468,0
14.40548,674.29096,0
11.83632,546.661,0
6.70984,457.52112,0
9.3642,193.58652,0
1.9822,543.5558,0
6.92284,199.03448,0
13.81628,471.9198,0
9.30948,273.80256,0
10.41624,365.61072,0
3.91232,440.75536,0
10.57256,180.04172,0
1.943,230.86728,0
10.87264,459.49076,0
7.81016,162.58824,0
2.37792,430.2492,0
5.86584,305.93464,0
5.39624,158.00672,0
9.9226,492.69024,0
7.2142,224.71456,0
10.94984,746.80372,0
7.43468,496.05276,0
2.70932,724.00056,0
8.95004,659.29816,0
9.3892,272.93904,0
12.639,279.73364,0
7.3802,115.47052,0
10.36844,366.02128,0
11.33508,356.11632,0
13.24756,129.02004,0
14.10456,186.48016,0
5.9014,619.295,0
13.59008,263.26096,0
8.61744,196.44244,0
6.2246,205.60408,0
24.47748,147.2068,1
10.43888,267.10636,0
1.35304,400.48,0
19.06172,157.85728,0
7.708,261.1412,0
23.16708,211.5554,0
9.12316,227.2598,0
15.6832,428.87612,0
10.90904,562.83248,0
10.47116,339.00444,0
0.001,467.18304,0
0.019,640.49952,0
11.39236,289.96108,0
2.68356,491.43404,0
14.86936,372.91208,0
15.84564,443.06904,0
12.3686,117.6408,0
11.11952,753.95056,0
5.11636,506.38248,0
22.8238,256.49792,0
23.28844,495.44116,1
2.74384,292.27276,0
10.06284,616.09996,0
11.793,242.66212,0
14.2446,633.25,0
3.79276,159.52144,0
9.2324,258.54236,0
11.66292,168.57196,0
14.12228,612.22412,0
20.23536,245.05316,0
13.47044,584.01112,0
9.42164,632.73952,0
7.26676,467.16772,0
6.22076,501.85008,0
3.24512,505.0926,0
9.9142,409.1724,0
7.49424,620.8202,0
6.37012,461.33132,0
12.19924,148.03556,0
3.47536,529.56436,0
6.017,206.2866,0
6.79416,448.58296,0
12.07408,412.7738,0
10.24668,556.5712,0
7.3678,412.52732,0
10.87584,637.05376,0
13.04016,631.3182,0
12.69916,430.83424,0
3.0558,330.64944,0
16.83636,200.9626,0
18.35456,440.06236,0
11.3814,264.41048,0
0.006,407.69608,0
15.75792,186.54936,0
15.24148,524.1544,0
0.25512,259.44296,0
0.009,370.36612,0
0.43784,641.75424,0
10.77972,379.02452,0
12.5296,462.20232,0
13.99484,402.35596,0
15.61464,663.07064,0
8.11836,261.93324,0
14.44468,247.99468,0
14.30492,370.27956,0
6.43512,168.39468,0
2.33528,519.285,0
5.18744,554.72792,0
12.59516,718.0622,0
2.65348,318.11348,0
17.93064,290.92236,1
10.29992,187.6332,0
19.651,128.36236,0
8.01332,591.76024,0
18.77408,593.01612,1
3.08468,586.69276,0
7.24332,646.4456,0
19.19472,346.96864,0
1.8214,444.3796,0
16.68984,426.1156,0
1.0694,576.5814,0
23.25296,217.0426,0
15.48884,93.5158,0
10.46788,546.4814,0
16.0244,533.66844,0
2.17916,449.84868,0
9.50816,579.39976,0
0.83116,295.53224,0
11.30668,658.99244,0
4.16564,215.31036,0
2.6002,476.7714,0
8.13296,204.4858,0
7.156,449.89868,0
11.99368,284.9078,0
17.38948,269.93568,0
5.5712,538.21932,0
10.47968,358.36204,0
4.6044,300.8202,0
10.41,292.59828,0
14.94008,284.291,0
14.23672,452.65696,0
9.11092,304.60324,0
11.28212,675.20984,0
6.75224,738.68732,0
11.67736,323.3146,0
6.24616,362.65696,0
10.02512,337.73708,0
6.55208,234.63396,0
12.7082,477.28144,0
8.66524,243.7514,0
15.45124,450.42368,0
4.89508,361.71128,0
12.28968,401.95252,0
4.27588,256.50308,0
7.89808,381.96256,0
14.0456,310.97836,0
4.15956,315.30596,0
6.42608,292.49296,0
14.68164,256.9822,0
7.9772,257.94924,0
7.10048,252.21864,0
11.30964,281.29676,0
5.22148,428.29684,0
21.65828,278.40996,1
0.014,411.6344,0
0.009,341.381,0
7.06264,627.82732,0
8.50028,509.533,0
17.90668,733.67388,0
6.67816,260.51196,0
8.2198,534.25636,0
8.07156,143.58776,0
12.2484,524.04496,0
14.21884,159.11556,0
13.54148,233.09964,0
18.56076,393.39104,0
13.3748,531.52648,0
10.123,504.45084,0
12.59304,413.5454,0
9.74348,208.341,0
6.02332,317.9484,0
12.39968,258.3198,0
4.34064,529.58128,0
14.81996,482.6214,0
26.84912,446.81456,1
9.01608,385.14852,0
2.79364,510.56952,0
19.401,503.2448,0
11.8016,596.29304,0
6.47724,328.44212,0
1.64372,586.8338,0
7.40128,371.52776,0
9.90248,141.20728,0
4.72072,530.84868,0
9.1238,225.64928,0
20.9336,211.542,0
7.46604,210.80728,0
16.3286,657.58156,0
3.06324,451.47052,0
16.73296,585.58536,0
18.113,523.2146,0
21.91144,234.18764,0
0.008,474.26912,0
8.75504,439.32576,0
17.6734,678.55856,0
11.62212,387.85656,0
7.70852,466.66132,0
6.72884,190.02956,0
15.11632,241.36096,0
13.52368,394.23996,0
16.11612,556.57568,0
9.0182,604.83868,0
3.92216,688.33236,0
10.8838,244.34776,0
8.4092,589.719,0
11.9814,617.39048,0
12.41104,286.64636,0
17.58168,178.16672,0
3.36964,485.1732,0
8.72144,502.23604,0
13.97608,185.68532,0
2.34064,216.8396,0
8.91916,604.41904,0
16.85808,520.05048,0
5.54468,633.99972,0
14.63464,436.45292,0
10.87188,621.48924,0
17.6924,238.115,0
6.31624,609.94376,0
22.51284,180.86384,1
8.41344,504.93968,0
13.98304,280.24292,0
21.66324,279.78496,0
5.43852,270.4972,0
13.23576,435.4362,0
16.14736,339.03112,0
7.30228,467.56596,0
0.002,545.61492,0
0.008,253.00756,0
13.70784,439.24572,0
19.1748,510.81308,0
6.28408,125.07608,0
10.06524,159.17848,0
4.70172,509.346,0
9.69776,266.14796,0
10.69924,461.88908,0
2.86056,257.05116,0
9.7228,142.81836,0
8.35568,554.36332,0
5.93,506.6964,0
5.5352,156.05412,0
10.08552,238.46456,0
8.12208,459.20016,0
7.50704,569.77588,0
0.57076,332.34584,0
5.70424,370.2294,0
12.31984,554.4198,0
8.35932,485.29856,0
11.44936,311.15208,0
13.72932,609.01012,0
8.22228,272.2624,0
7.7522,364.35684,0
24.43604,206.55164,1
16.16888,147.78068,0
15.70008,218.0876,0
8.479,631.89236,0
0.013,573.98324,0
6.01804,429.28872,0
11.91824,370.35424,0
11.48328,235.9266,0
4.2688,369.88048,0
10.07904,575.60504,0
4.2688,246.995,0
9.01888,198.77736,0
11.91492,514.31028,0
13.17288,215.38224,0
19.88236,308.25148,1
0.001,427.66916,0
5.8448,194.47604,0
10.22164,413.55816,0
0.011,213.65608,0
9.20268,261.96372,0
3.73516,376.03484,0
2.95492,351.83244,0
12.17964,237.05112,1
4.29408,584.11224,0
22.91488,213.04256,0
17.41368,487.15364,0
5.58104,459.87488,0
17.92252,488.2184,0
3.09668,468.95056,0
0.005,421.69464,0
0.018,287.71668,0
9.82244,525.00284,0
10.66272,275.84156,0
14.89,618.9156,0
9.95768,132.339,0
11.5202,223.213,0
15.4024,586.64256,0
18.94216,144.09776,0
17.34532,258.11212,0
7.78504,164.8742,0
8.65292,525.04076,0
0.7818,576.48012,0
6.55536,260.62924,0
13.23756,169.44328,0
15.55824,337.0416,0
4.10684,407.03508,0
4.80568,209.13136,0
8.54768,378.8892,0
17.61684,320.95348,0
3.41096,161.81472,0
6.55076,554.59412,0
19.04532,513.16888,0
0.012,346.43664,0
12.40316,524.16312,0
13.5736,467.40488,0
6.54048,294.31164,0
13.42164,406.08816,0
25.87148,418.697,1
8.79672,474.48776,0
7.11368,406.93372,0
0.013,759.90872,0
5.4692,335.85336,0
2.05684,325.32896,0
11.00976,447.50172,0
7.35108,462.07236,0
3.10556,400.63828,0
4.3122,218.192,0
9.76604,592.16356,0
20.93272,268.65056,1
9.6376,555.51912,0
8.11188,313.93088,0
5.16988,480.16868,0
16.256,410.34036,0
12.50456,234.48772,0
15.67124,414.35544,0
15.55812,453.49868,0
7.0176,285.02744,0
16.9126,258.904,0
10.64864,487.31932,0
6.19544,476.64668,0
22.4176,705.63068,0
7.89552,495.4466,0
3.25764,590.15848,0
11.45268,250.42808,0
7.56864,300.45916,0
24.31392,117.41348,1
5.98672,278.64768,0
0.60676,456.8208,0
5.30024,592.94716,0
14.6204,529.26912,0
14.45976,259.38084,0
17.95144,188.68892,0
0.022,577.78944,0
14.4654,567.03328,0
11.35704,480.13188,0
9.6942,203.78544,0
6.18456,248.85924,0
17.93232,619.0858,0
8.86464,303.14964,0
5.43292,269.17212,0
11.98536,428.12368,0
13.00184,368.18252,0
12.0182,232.93704,0
12.71056,593.09396,0
2.9462,513.89624,0
6.97356,388.26912,0
14.19528,424.8278,0
11.63996,543.45708,0
0.011,535.44796,0
8.58816,241.06432,0
0.019,437.20024,0
1.2202,208.37756,0
22.29436,403.41996,0
7.45952,494.0302,0
21.80148,381.03096,1
18.1208,374.69696,0
14.06304,465.86004,0
24.78484,449.24112,1
3.43408,246.64608,0
10.5604,355.26036,0
20.89224,219.07888,1
23.9578,538.33208,1
15.48416,514.28876,0
5.29908,672.52204,0
21.49692,276.76716,0
9.863,825.57964,0
4.09648,484.24264,0
2.60852,382.14488,0
0.58088,451.76332,0
6.01732,599.8596,0
3.22504,290.49212,0
7.49944,649.4474,0
9.03488,465.54948,0
0.015,464.96844,0
4.96732,766.22672,0
10.76928,314.6752,0
1.53492,167.93788,0
16.34588,605.03532,1
7.11332,662.09732,0
11.3852,265.29804,0
9.41404,568.41228,0
11.44372,265.30208,0
5.38412,316.90844,0
3.80544,448.52416,0
14.97644,119.2674,0
8.17052,508.3428,0
14.5026,462.6606,0
15.53016,612.53196,1
7.97032,577.83724,0
5.24508,466.93024,0
6.95928,435.60572,0
9.83736,266.46164,0
7.25624,616.14448,0
31.86484,263.79568,1
0.019,280.46976,0
17.84648,258.1272,0
17.62324,563.72896,0
14.03688,488.04384,0
7.1086,237.84876,0
15.08864,261.74216,0
4.69948,645.38064,0
7.2686,466.1876,0
11.29368,407.11372,0
3.97524,458.98956,0
17.60236,224.03152,0
21.82436,250.50616,0
12.66372,195.57752,0
6.44612,283.91288,0
9.81964,504.81916,0
14.95972,435.32784,0
11.79856,241.2112,0
7.7596,388.71472,0
10.78876,429.832,0
6.34824,500.21076,0
0.005,614.15824,0
17.14528,152.93712,0
15.16376,188.18112,0
15.41536,556.56608,0
5.88024,273.62928,0
10.6654,500.5574,0
3.94712,462.8388,0
18.26188,216.8228,0
3.93648,307.39212,0
21.82564,359.87516,0
18.42112,427.36824,0
19.89332,130.93848,0
15.25252,433.71708,0
6.74712,303.95548,0
0.021,342.69924,0
8.38916,429.16192,0
17.04912,450.74288,0
8.36804,444.93268,0
2.56284,295.42676,0
11.17292,280.017,0
20.12732,304.69504,0
6.87652,300.34012,0
4.26924,436.72856,0
15.79204,261.10904,0
12.10788,215.04372,0
3.99404,275.83108,0
19.478,472.22948,1
0.025,317.4806,0
13.6012,239.38724,0
0.002,540.8918,0
17.92588,394.35332,0
0.58504,355.74832,0
1.85052,653.19236,0
5.533,254.98244,0
15.13296,269.07348,0
12.97676,225.89384,0
21.77532,396.82992,0
20.88908,260.19312,0
0.004,606.55264,0
11.80588,250.81236,0
0.012,339.23844,0
1.69192,156.9358,0
10.4542,510.1432,0
7.01588,169.16968,0
18.1184,305.35912,0
15.41164,304.78908,0
6.26588,342.284,0
13.82316,461.45148,0
12.1402,197.996,0
20.9796,295.7646,0
16.60724,229.215,0
6.01084,376.96452,0
4.09616,520.57164,0
3.05956,604.05712,0
8.29028,394.62876,0
8.9406,403.29724,0
8.863,590.2682,0
7.01824,236.29608,0
15.34028,232.87128,1
4.81056,568.63824,0
2.19288,552.28476,0
8.94304,451.06096,0
8.7902,321.07392,0
7.40176,465.15744,0
5.9948,677.09732,0
9.42836,547.79904,0
11.651,203.64848,0
10.11688,521.16704,0
2.19204,422.8848,0
9.7552,461.27164,0
19.51368,781.76288,0
11.56464,528.70972,0
7.42336,401.08508,0
5.76304,237.82428,0
12.235,363.49032,0
8.525,422.4668,0
5.10192,491.05008,0
0.006,358.35992,0
11.22928,305.38384,0
0.014,621.27744,0
21.1062,209.73324,0
8.8226,368.23264,0
12.61292,201.86572,0
0.3326,530.00528,0
7.77196,441.02252,0
8.36964,307.61868,0
6.44824,344.76352,0
6.51636,630.76464,0
9.75724,554.1296,0
10.95912,253.5456,0
7.4736,606.83076,0
6.61168,470.89188,0
11.1766,511.40292,0
1.87992,537.84244,0
0.45588,590.12676,0
8.6292,470.52048,0
10.86908,371.243,0
12.34952,225.69892,0
4.14088,816.08108,0
6.03512,164.157,0
14.78272,189.27804,0
5.49344,660.07292,0
13.35656,273.74516,0
12.77152,438.5782,0
10.75084,238.77256,0
16.88708,524.83776,0
5.032,359.64864,0
8.22892,178.011,0
7.8016,554.68216,0
5.96704,322.15124,0
8.39492,324.5416,0
10.18224,507.5172,0
14.24192,430.8372,0
15.80532,659.03072,0
0.01,394.29096,0
7.55008,388.43216,0
3.92404,607.45388,0
0.005,430.66084,0
11.41236,324.91588,0
12.95176,604.7822,0
15.07828,381.05516,0
16.28576,452.69048,0
6.78956,453.45936,0
9.54964,504.45208,0
4.95368,119.65756,0
9.75004,240.24388,0
15.31108,188.59068,0
16.66104,676.4454,0
6.92004,274.3972,0
19.37268,136.67648,0
0.014,549.09312,0
11.425,393.00176,0
7.42712,220.98796,0
16.92316,570.71792,0
5.61504,494.5314,0
11.46016,539.33228,0
0.21432,166.025,0
11.88456,282.244,0
21.82504,295.93848,0
8.98308,496.5314,0
6.59372,703.04192,0
11.9266,247.5126,0
17.39104,200.60204,0
7.19264,238.61896,0
0.96188,173.54372,0
7.719,376.26836,0
6.77808,301.7316,0
5.40288,283.74368,0
13.6364,241.44824,0
19.81352,506.35888,0
9.83416,268.68068,0
11.3858,218.01232,0
14.16824,239.71952,0
9.13628,656.75496,0
5.065,700.11952,0
22.09892,217.4504,0
1.23864,165.40932,0
3.20808,298.69208,0
18.72032,543.59564,0
2.65192,243.07896,0
3.92344,420.96924,0
15.27776,513.29284,0
10.88376,561.81976,0
12.86972,432.78664,0
0.023,188.34924,0
8.67256,272.78588,0
17.45248,521.33712,0
14.49248,405.02452,0
13.42264,392.36992,0
15.39704,682.61904,0
10.566,145.73132,0
8.8282,618.33964,0
10.99108,522.31504,0
0.0598,273.19264,0
12.76708,457.61396,0
4.00208,447.93828,0
10.07496,523.27312,0
5.0396,597.05124,0
6.47128,280.77336,0
25.621,236.76912,0
19.83084,409.13192,0
13.85664,157.88684,0
12.78912,200.8874,0
5.8418,370.95856,0
9.27496,227.49076,0
14.44252,514.75068,0
3.9006,415.44988,0
24.75744,370.76816,1
12.71736,472.28312,0
9.57436,461.9108,0
16.56624,187.41392,0
14.43296,288.7634,0
13.37144,485.14364,0
9.87432,609.46328,0
12.96264,519.25372,0
7.968,144.88708,0
16.1374,327.13192,0
6.65452,257.46904,0
5.6904,765.99448,0
21.6806,212.4744,0
10.27776,184.71052,0
9.5026,247.33296,0
16.57868,577.97196,0
18.27536,370.28872,0
11.6302,177.97868,0
10.64964,154.74672,0
15.88556,227.23348,1
16.22796,561.44268,0
3.53824,710.08,0
21.0956,631.38708,0
5.288,562.17128,0
8.71136,427.07368,0
12.6234,518.64396,0
13.68656,444.29752,0
6.83764,479.38388,0
0.02,519.21284,0
6.88804,508.85648,0
15.25368,517.57724,0
17.35516,230.77108,0
23.1362,711.5014,1
1.24188,336.21156,0
6.58404,444.875,0
10.91256,344.2292,0
3.40468,506.94384,0
9.74564,155.05816,0
15.6792,247.4916,0
6.42204,257.92628,0
17.0722,243.63072,0
1.08072,479.5694,0
10.07148,441.1364,0
6.2868,489.32192,0
5.86864,558.83104,0
11.82224,295.21924,0
5.32004,529.22272,0
11.75108,212.31076,0
3.81124,214.83848,0
12.41212,262.79088,0
7.56184,626.03856,0
15.95296,480.00732,0
17.84256,231.1382,0
9.1296,240.70908,0
14.47388,232.3278,0
16.41848,149.96836,0
2.7196,412.87412,0
10.85304,455.41056,0
5.551,399.28932,0
12.89056,240.30648,0
5.1126,301.69408,0
10.16956,358.94108,0
11.42508,146.88716,0
12.96084,533.45864,0
16.77304,257.29108,0
9.95968,632.02692,0
9.98056,490.25548,0
19.52904,395.3234,0
12.70856,447.27372,0
8.76676,428.448,0
1.87256,248.73952,0
19.0002,185.24952,0
0.009,490.3334,0
6.35084,508.01732,0
9.7132,299.01336,0
1.5962,242.20164,0
25.81508,182.52796,0
5.97876,320.10032,0
5.87204,323.84664,0
7.16448,115.16796,0
22.61384,288.72168,0
8.99072,209.50272,0
12.58804,509.711,0
3.73856,453.65364,0
12.79024,254.17876,0
13.17684,247.37556,0
13.86132,692.91104,0
24.59136,632.18692,1
16.8008,411.36996,0
1.5892,647.29912,0
16.82392,628.77276,0
0.003,622.36904,0
6.64196,256.19484,0
0.016,699.48224,0
2.97168,228.58304,0
0.024,460.32576,0
7.87012,190.75188,0
1.22832,168.7802,0
13.245,305.7372,0
11.16376,252.34528,0
6.13584,219.7718,0
5.04812,297.865,0
3.69676,578.3126,0
8.80296,482.0702,0
10.23472,399.37916,0
15.62708,571.66148,0
2.45464,198.30504,0
18.71036,206.47272,0
0.002,497.34368,0
13.64352,573.50524,0
11.84416,418.5784,0
5.45396,756.25828,0
9.31588,553.70444,0
11.12396,212.85872,0
12.91388,335.02248,0
10.13664,535.4178,0
4.70572,551.34424,0
15.40536,188.30412,0
16.12188,85.22972,0
12.60204,191.08208,0
8.74988,208.89924,0
14.4552,240.86032,0
2.66696,382.4744,0
1.79364,440.00596,0
5.70156,338.76176,0
11.56264,175.79908,0
14.01552,436.77916,0
26.5062,237.95212,1
14.96004,292.93592,0
10.9814,634.09516,0
15.79672,426.1504,1
0.97652,452.92384,0
8.95264,296.79424,0
18.06308,517.78844,0
10.86228,157.1108,0
3.02088,404.23636,0
10.2978,417.34584,0
1.13276,595.89208,0
16.38172,426.0424,0
1.7758,503.51004,0
24.199,189.97928,0
13.37064,519.41724,0
2.86492,303.65076,0
12.23644,573.22996,0
1.8046,477.87104,0
12.90744,570.85344,0
0.012,362.16704,0
14.4834,156.89184,0
8.568,247.1472,0
16.2442,483.57252,0
3.05776,645.22196,0
10.11712,280.71476,0
4.69576,566.23316,0
7.68464,148.5022,0
6.19596,330.46576,0
9.52492,578.26756,0
14.46004,136.96192,0
12.02836,645.53876,0
9.74272,195.64152,0
9.59544,525.30184,0
0.023,558.04384,0
11.90568,577.2502,0
3.4296,185.05132,0
12.98784,580.05776,0
17.22988,239.45376,0
9.52964,345.04404,0
16.23452,290.28484,0
6.35416,480.56816,0
8.3186,476.3022,0
13.04924,441.95084,0
6.8214,608.40284,0
14.29872,504.53756,0
3.49532,190.01,0
17.29356,341.2412,0
8.8054,464.48748,0
13.16632,126.29688,0
13.42156,743.96324,0
6.07324,524.69872,0
2.78192,298.26628,0
7.04336,392.76056,0
6.1706,187.9204,0
14.56212,165.8958,0
6.94376,541.73652,0
14.76024,717.99236,0
21.98192,253.15152,0
11.70012,204.96332,0
8.29868,325.35668,0
9.40204,594.16824,0
7.8514,437.1246,0
9.16104,605.02344,0
10.13068,216.41484,0
15.79952,197.34556,0
11.84412,465.22548,0
10.64404,269.5992,0
6.77272,766.74848,0
6.0606,454.19324,0
16.52256,566.42752,0
13.07792,229.41608,0
9.26388,306.57656,0
9.58584,421.76772,0
4.68952,276.22124,0
7.08368,459.73848,0
24.90636,629.3596,1
13.55792,622.55316,0
13.72104,491.37256,0
12.10548,202.5566,0
9.4792,225.01656,0
11.55176,331.70704,1
15.1798,287.19568,0
19.53752,236.77092,0
11.75884,212.76568,0
9.23772,565.27528,0
8.57512,578.833,0
2.68732,621.0222,0
19.93348,440.77476,0
12.77136,611.8602,0
0.47716,373.03888,0
14.62276,456.91128,0
21.91264,474.23404,1
3.54324,128.2952,0
19.08056,542.1354,0
23.125,559.0624,0
10.73104,112.59244,0
19.02004,282.20852,0
11.6474,167.02024,0
3.10112,460.68488,0
5.912,285.65048,0
14.90784,428.12668,0
19.91864,459.83144,1
10.54492,266.03048,0
0.021,251.20968,0
12.49672,145.83436,0
21.68404,436.47984,0
0.017,345.9584,0
18.01408,329.662,0
15.97192,607.42612,0
10.96868,183.699,0
10.79884,455.954,0
0.004,568.19924,0
5.5102,599.5022,0
10.58808,524.00488,0
7.25544,305.5814,0
6.1718,229.25068,0
10.57364,427.95288,0
9.79228,584.70848,0
15.55232,477.69188,0
20.90556,580.38228,0
18.07928,565.56168,1
10.88304,599.2158,0
15.34124,501.2394,0
0.55484,391.78668,0
7.57032,602.83284,0
3.26808,403.30012,0
17.8576,417.92032,0
9.9708,173.81144,0
20.65612,190.03412,1
11.23868,261.97532,0
5.80268,210.605,0
4.04384,353.43124,0
10.44692,213.2104,0
6.33728,576.66216,0
13.27172,481.33256,0
14.66328,82.21248,0
16.07336,421.9776,0
13.56276,272.94232,0
10.99524,508.67424,0
10.02152,410.9658,0
2.64108,415.54456,0
13.90088,642.27724,0
24.58068,215.78856,1
16.42156,197.90364,0
15.63824,219.63872,0
14.10848,430.7486,0
3.08944,219.19056,0
10.911,554.90464,0
13.292,368.50544,0
7.43652,593.34748,0
11.20044,735.6158,0
6.58764,608.88432,0
20.71976,164.7402,1
6.984,636.06876,0
4.29832,535.1288,0
7.73932,466.72416,0
8.85696,296.37144,0
20.01232,301.82124,1
14.60864,245.98528,0
12.04836,140.37848,0
4.38276,622.36216,0
0.023,543.29608,0
0.37844,321.60312,0
12.43844,182.16,0
11.52992,714.40076,1
4.71036,691.26824,0
5.41996,461.49988,0
16.969,640.49444,0
2.60036,347.20028,0
12.34484,293.56928,0
1.739,580.40372,0
10.66692,204.83048,0
14.41676,459.55616,0
12.92716,259.83344,0
11.2072,537.26376,0
17.21808,200.06316,0
5.35508,617.61936,0
10.26052,380.53768,0
11.6986,277.6732,0
1.24436,249.0306,0
7.8508,554.41448,1
1.61676,401.74896,0
13.54964,595.2794,0
15.78976,631.7888,0
12.31232,259.48268,0
9.43948,578.93856,0
21.30716,245.70344,0
4.34572,611.51176,0
13.85596,734.22716,0
0.23848,519.6558,0
0.003,451.482,0
20.90244,210.77536,0
14.77188,226.22756,0
20.05464,244.90684,0
19.03084,545.91128,0
9.02844,448.2934,0
12.78008,472.61436,0
8.52868,556.75624,0
12.77564,313.66516,0
1.96336,408.57888,0
7.398,483.87236,0
12.15344,338.59604,0
19.90444,265.24688,0
17.89976,475.83972,0
19.58288,196.43136,0
9.38124,639.52716,0
5.7276,310.24988,0
10.7194,338.95948,0
20.07924,120.6528,0
9.77332,401.26872,0
15.38176,284.34796,0
6.78468,365.90368,0
6.33444,96.82768,0
10.06196,744.3546,0
22.17864,233.60628,0
8.62912,235.4034,0
23.233,114.17648,0
9.70588,675.04992,0
2.64888,639.96212,0
1.4434,186.89792,0
11.87204,589.90848,0
8.08996,173.82052,0
7.41472,177.31772,0
5.7352,241.07212,0
2.6816,524.85468,0
11.53504,461.10708,0
6.92104,444.672,0
12.22892,447.83448,0
21.1732,440.8762,0
10.61168,461.54276,0
9.97476,439.65376,0
1.98312,487.83304,0
0.04588,225.21312,0
0.62728,473.16612,0
9.69264,424.2176,0
14.25588,605.35176,0
4.3074,172.58036,0
19.11084,262.62332,0
9.88208,252.04864,0
13.01284,497.32888,0
9.36076,409.6276,0
0.07716,535.85952,0
0.727,324.52548,0
11.61576,278.11796,0
8.22304,449.89476,0
0.005,219.65804,0
13.67324,296.17704,0
15.53952,577.11928,0
3.66648,567.34144,0
14.5998,623.04988,0
3.69148,199.88436,0
8.34364,483.28444,0
18.03728,224.315,1
19.75604,442.7628,0
3.35704,704.29356,0
15.23188,481.82284,0
5.48944,572.69948,0
11.54756,537.03648,0
8.39476,302.65712,0
7.43036,515.56008,0
10.46564,476.43756,0
2.62688,573.33272,0
8.56796,536.0812,0
3.68916,167.97724,0
15.7938,405.62972,0
12.71716,477.75436,0
7.5142,194.47352,0
15.63792,348.94272,0
16.9182,405.8192,0
11.13684,231.56592,0
12.22492,305.778,0
0.001,490.17144,0
8.71468,335.0514,0
3.91036,192.79752,0
5.35564,303.16132,0
16.43228,552.14908,0
16.25704,479.95292,0
18.67264,414.48444,0
15.23004,615.3726,0
7.69384,229.82004,0
7.9076,503.32696,0
9.71796,226.48272,0
9.84332,602.12068,0
16.38224,280.29984,0
4.77608,393.32224,0
5.0674,388.22296,0
11.64032,553.63664,0
17.89996,192.1606,0
12.97396,216.78824,0
9.73052,469.65916,0
7.70968,198.13432,0
10.47484,533.83748,0
12.06156,116.53644,0
14.06092,235.02828,0
17.2248,536.61388,0
6.97636,610.97712,0
25.5606,506.329,1
10.13392,174.53136,0
0.0632,506.79216,0
2.62356,433.22784,0
8.62956,282.31684,0
13.77996,172.54516,0
11.62824,501.78988,0
13.51108,548.65528,0
5.052,447.20848,0
3.87176,152.54324,0
5.13012,463.3226,0
11.41416,439.34452,0
11.64788,209.51492,0
14.27164,508.90088,0
17.24596,275.94064,0
10.11924,147.98016,0
16.94152,700.29412,0
7.19776,277.97936,0
0.89716,160.29524,0
16.18836,353.13752,0
0.008,494.71944,0
15.3852,247.418,0
13.07584,527.9878,0
13.34952,568.45328,0
13.50768,553.63616,0
0.012,436.7302,0
8.5572,182.91168,0
6.60008,540.12384,0
4.64,664.00692,0
13.59704,675.18516,0
4.79244,587.62588,0
9.7352,181.96884,0
12.45024,555.82784,0
11.14024,459.58444,0
12.01996,524.90968,0
7.81024,373.795,0
16.70284,582.26792,0
12.71672,468.46996,0
4.99648,530.80364,0
9.26068,510.01544,0
8.75864,246.77592,0
2.87796,592.59052,0
14.64612,207.16652,0
11.45928,496.26276,0
1.73756,209.8602,0
20.03736,165.86168,0
8.6506,207.38988,0
3.56172,550.46408,0
9.659,613.48884,0
7.44644,552.05496,0
13.89044,467.32372,0
3.46408,560.51472,0
12.853,137.49928,0
5.43544,352.07644,0
5.9302,472.72076,0
12.41848,228.56184,0
14.30932,589.41608,0
17.57856,173.79956,0
1.83728,281.09324,0
2.19744,547.56316,0
8.79968,512.92028,0
23.01508,280.52584,0
5.05152,217.846,0
17.03072,408.89084,0
9.76128,241.157,0
2.57488,465.71972,0
9.61392,235.91892,0
9.98652,703.05388,0
8.58172,292.71068,0
10.45824,198.7312,0
3.63784,619.5184,0
14.83764,261.58656,0
6.889,510.78084,0
6.56988,632.00944,0
16.89248,307.63188,0
14.05492,328.998,0
3.89176,303.8328,0
5.97948,527.87216,0
1.1162,273.92692,0
4.75876,542.10832,0
2.22316,134.63724,0
2.51704,428.90168,0
17.90828,468.595,0
10.88736,517.57672,0
7.54304,223.31172,0
14.71224,268.95392,0
8.01944,428.92316,0
3.3594,361.9812,0
16.6946,587.28108,0
12.74076,593.74124,0
12.98784,246.4132,0
10.95672,172.42256,0
6.41516,410.92876,0
3.38152,315.47392,0
9.63464,225.39992,0
13.52492,454.89596,0
18.8446,165.17388,0
9.08452,402.71516,0
10.33596,327.31,0
14.81044,594.18304,0
8.40484,586.08984,0
10.99056,478.95372,0
19.81936,594.42052,0
4.40908,405.52248,0
4.8328,447.22376,0
0.003,451.3696,0
22.8318,420.94304,0
11.80356,725.63024,0
8.63764,527.37356,0
10.5064,297.42588,0
18.94036,400.85472,0
20.42284,251.06364,0
5.11484,175.9238,0
8.03092,636.38044,0
0.009,578.19976,0
9.19272,221.31372,0
12.38328,412.32844,0
5.13348,464.0796,0
0.015,523.8024,0
12.48952,481.7958,0
7.258,603.40832,0
17.38368,106.17636,0
16.77052,469.60276,0
3.58988,470.15304,0
7.39176,418.23408,0
9.95208,480.75324,0
8.10932,704.7536,0
20.06264,190.98872,0
18.3826,156.93316,1
4.2904,259.00052,0
3.42904,450.66144,0
20.40296,329.07868,1
0.003,243.35,0
12.47668,125.7506,0
4.72284,546.80064,0
0.28532,681.36704,0
18.06564,177.15296,0
9.61324,277.3542,0
18.43116,584.07796,0
7.8714,220.1572,0
11.2784,137.31416,0
22.41872,297.93476,1
4.8218,491.24144,0
18.12504,293.79724,0
14.5348,699.27604,0
16.3306,555.94888,0
15.2216,124.26356,0
10.6878,461.67948,0
18.106,368.21608,0
15.1318,429.77264,0
0.022,399.55588,0
0.83268,586.23744,0
13.5938,405.05136,0
0.023,266.27588,0
10.34208,395.59712,0
9.5606,455.89668,0
16.27792,507.71616,0
23.7268,459.72108,1
7.97392,527.972,0
0.022,469.37736,0
4.80024,397.64004,0
3.65096,567.07496,0
15.53404,631.1728,0
19.9852,649.87268,0
12.83864,415.805,0
7.44144,250.65048,0
19.31668,197.6054,0
18.4774,192.97164,0
8.817,675.76972,0
11.20752,492.16416,0
0.017,211.38152,0
6.31332,657.80412,0
13.64188,456.11276,0
13.40652,368.13124,0
1.90392,506.88676,0
0.1598,233.67504,0
5.22408,202.47284,0
10.36284,245.8582,0
9.89868,269.91776,0
14.4554,252.26908,0
10.84432,424.4888,0
12.03112,441.01796,0
8.60908,256.47268,0
3.92608,496.13772,0
11.39156,103.5422,0
9.02408,827.4038,0
17.82636,390.26508,0
15.05532,502.1628,0
15.16604,355.747,0
0.56412,168.83708,0
0.015,474.76516,0
10.88844,232.0676,0
3.30268,264.18856,0
12.46924,647.03576,0
6.0986,180.04852,0
6.55064,413.937,0
14.64676,181.8756,0
8.38904,267.83972,0
12.8006,188.00708,0
9.1556,563.45404,0
23.69084,329.02612,1
12.27036,537.74992,0
9.40308,443.8842,0
16.26896,356.42896,0
8.15252,375.22864,0
3.82432,757.057,0
1.69656,496.43664,0
9.12476,584.12568,0
13.6244,567.6334,0
0.013,523.9174,0
7.19964,577.96556,0
6.35224,245.08096,0
11.55268,726.62752,0
8.11724,534.72212,0
12.46944,148.9438,0
7.90072,228.93016,0
13.25764,475.38392,0
28.71712,604.30992,0
5.30188,473.78052,0
12.86232,433.253,0
15.31152,708.55676,0
9.16848,424.7218,0
9.3928,788.71468,0
10.2614,556.99096,0
3.87736,405.06772,0
11.77448,384.98572,0
12.92812,397.82864,0
16.04932,452.05508,1
5.26696,538.29692,0
11.47104,548.34304,0
11.10024,230.91132,0
8.75652,605.43372,0
3.12512,485.85532,0
7.2934,321.99144,0
6.1704,291.31268,0
0.025,528.24264,0
7.98516,460.85752,0
27.46292,625.70084,1
0.011,419.24108,0
20.34768,324.78828,0
10.89736,273.39112,0
9.18536,591.82316,0
14.64632,548.26732,0
5.97156,405.95948,0
20.36868,320.02724,0
13.56024,213.46228,0
11.75188,521.75632,0
13.03892,192.46328,0
14.99968,384.39904,0
12.85788,698.78172,0
10.01284,405.53,0
18.00884,479.23532,0
11.51444,304.38288,0
11.77472,649.56716,0
12.23048,358.86996,0
13.28332,116.515,0
25.8098,532.72504,1
13.386,214.68304,0
22.60308,192.87748,0
14.28688,360.0392,0
13.11016,523.9398,0
8.98688,490.01168,0
7.60212,422.1172,0
5.73992,412.99176,0
13.55448,357.63004,0
19.5588,211.466,1
7.51544,645.58448,0
9.02144,379.77404,0
12.90812,500.01916,0
6.03072,278.263,0
10.52364,474.55936,0
6.9822,212.06692,0
6.7376,341.6792,0
4.39404,259.13668,0
10.7958,495.97872,0
8.49416,239.3516,0
10.15804,434.09912,0
9.78432,537.89016,0
6.36256,535.7366,0
17.8374,613.30132,0
8.35864,451.97044,0
21.30796,165.51028,0
3.8522,638.59244,0
10.56848,636.59184,0
5.08152,261.83364,0
5.41172,570.71916,0
7.33516,465.22668,0
5.557,452.13048,0
17.7572,161.78824,0
13.27964,389.4828,0
8.82852,212.72188,0
7.02472,446.01896,0
5.49352,264.20316,0
21.009,620.16328,1
10.55944,405.22228,0
18.19632,584.90312,1
0.17128,373.51756,0
9.34248,172.11176,0
10.39692,217.45188,0
8.32932,224.9556,0
4.99224,462.41712,0
21.20588,572.94804,0
16.71236,639.79324,0
0.022,648.83276,0
9.92688,227.3578,0
10.76864,585.19492,0
19.62716,163.42416,0
5.4588,387.31444,0
9.4896,369.87008,0
10.86668,162.49912,0
17.27244,243.49048,0
13.12636,522.39248,0
10.482,172.3884,0
11.91008,534.58096,0
15.539,308.97696,0
2.17644,252.76972,0
9.07816,174.79344,0
10.53244,453.14444,0
11.20496,313.7918,0
10.90984,256.07228,0
2.63504,306.26756,0
11.00128,200.65508,0
26.43652,567.97612,1
2.098,369.176,0
9.24224,164.98848,0
8.88204,489.1744,0
7.49836,714.49072,0
6.08456,599.02,0
10.52188,635.21588,0
10.1234,480.47356,0
4.82396,185.27024,0
13.13092,546.76864,0
0.001,502.29628,0
11.99436,241.5902,0
7.9256,658.41496,0
13.3638,546.99316,0
11.27508,680.6844,0
2.09392,180.31728,0
8.54172,637.05556,0
9.09952,237.12864,0
10.14792,704.39292,0
18.84412,441.35932,0
2.42804,203.5254,0
